{
  "user": [
    {
      "id": 1,
      "name": "Ritesh",
      "username": "Ritesh123",
      "mobile": "81158600226",
      "address": "H.no 508 vashundhra",
      "pincode": "201012",
      "city": "Ghaziabad",
      "state": "Uttar Pradesh",
      "email": "riteshpandey5510@gmail.com",
      "password": "Ritesh"
    }
  ],
  "maincategorey": [
    {
      "name": "Male",
      "id": 1
    },
    {
      "name": "Female",
      "id": 2
    },
    {
      "name": "Kids",
      "id": 3
    }
  ],
  "subcategory": [
    {
      "name": " Men",
      "id": 1
    },
    {
      "name": " Women",
      "id": 2
    }
  ],
  "brand": [
    {
      "name": " Mufti",
      "id": 1
    },
    {
      "name": " Addidas",
      "id": 2
    },
    {
      "name": " Puma",
      "id": 3
    }
  ],
  "cart": [
    {
      "id": 0
    },
    {
      "productid": 2,
      "username": "Rpandey8888",
      "name": "T-Shirt",
      "color": "Blue",
      "size": "M",
      "price": 3381,
      "qty": 1,
      "total": 3381,
      "pic": "cloth_3.jpg",
      "id": 2
    },
    {
      "productid": 3,
      "username": "Rpandey8888",
      "name": "Shirt",
      "color": "Red",
      "size": "L",
      "price": 3360,
      "qty": 1,
      "total": 3360,
      "pic": "cloth_1.jpg",
      "id": 3
    }
  ],
  "wishlist": [
    {
      "id": 0
    },
    {
      "productid": 1,
      "username": "Rpandey914",
      "name": "Jeans",
      "color": "Black",
      "size": "S",
      "price": 2800,
      "qty": 1,
      "total": 2800,
      "pic": "cloth_2.jpg",
      "id": 1
    },
    {
      "productid": 2,
      "username": "Rpandey914",
      "name": "T-Shirt",
      "color": "Blue",
      "size": "M",
      "price": 3381,
      "qty": 1,
      "total": 3381,
      "pic": "cloth_3.jpg",
      "id": 2
    },
    {
      "productid": 2,
      "username": "Ritesh123",
      "name": "T-Shirt",
      "color": "Blue",
      "size": "M",
      "price": 3381,
      "qty": 1,
      "total": 3381,
      "pic": "cloth_3.jpg",
      "id": 3
    }
  ],
  "checkout": [
    {
      "id": 0
    },
    {
      "username": "Rpandey8888",
      "paymentmode": "COD",
      "orderstatus": "Order Placed",
      "paymentstatus": "Pending",
      "totalamount": 6741,
      "shippingamount": 0,
      "finalamount": 6741,
      "date": "2023-02-19T18:52:29.097Z",
      "product": [
        {
          "productid": 2,
          "username": "Rpandey8888",
          "name": "T-Shirt",
          "color": "Blue",
          "size": "M",
          "price": 3381,
          "qty": 1,
          "total": 3381,
          "pic": "cloth_3.jpg",
          "id": 2
        },
        {
          "productid": 3,
          "username": "Rpandey8888",
          "name": "Shirt",
          "color": "Red",
          "size": "L",
          "price": 3360,
          "qty": 1,
          "total": 3360,
          "pic": "cloth_1.jpg",
          "id": 3
        }
      ],
      "id": 1
    },
    {
      "username": "Rpandey8888",
      "paymentmode": "COD",
      "orderstatus": "Order Placed",
      "paymentstatus": "Pending",
      "totalamount": 6741,
      "shippingamount": 0,
      "finalamount": 6741,
      "date": "2023-02-19T18:53:24.647Z",
      "product": [
        {
          "productid": 2,
          "username": "Rpandey8888",
          "name": "T-Shirt",
          "color": "Blue",
          "size": "M",
          "price": 3381,
          "qty": 1,
          "total": 3381,
          "pic": "cloth_3.jpg",
          "id": 2
        },
        {
          "productid": 3,
          "username": "Rpandey8888",
          "name": "Shirt",
          "color": "Red",
          "size": "L",
          "price": 3360,
          "qty": 1,
          "total": 3360,
          "pic": "cloth_1.jpg",
          "id": 3
        }
      ],
      "id": 2
    },
    {
      "username": "Rpandey8888",
      "paymentmode": "COD",
      "orderstatus": "Order Placed",
      "paymentstatus": "Pending",
      "totalamount": 6741,
      "shippingamount": 0,
      "finalamount": 6741,
      "date": "2023-02-19T18:53:44.498Z",
      "product": [
        {
          "productid": 2,
          "username": "Rpandey8888",
          "name": "T-Shirt",
          "color": "Blue",
          "size": "M",
          "price": 3381,
          "qty": 1,
          "total": 3381,
          "pic": "cloth_3.jpg",
          "id": 2
        },
        {
          "productid": 3,
          "username": "Rpandey8888",
          "name": "Shirt",
          "color": "Red",
          "size": "L",
          "price": 3360,
          "qty": 1,
          "total": 3360,
          "pic": "cloth_1.jpg",
          "id": 3
        }
      ],
      "id": 3
    },
    {
      "username": "Rpandey8888",
      "paymentmode": "COD",
      "orderstatus": "Order Placed",
      "paymentstatus": "Pending",
      "totalamount": 6741,
      "shippingamount": 0,
      "finalamount": 6741,
      "date": "2023-02-19T18:56:33.148Z",
      "product": [
        {
          "productid": 2,
          "username": "Rpandey8888",
          "name": "T-Shirt",
          "color": "Blue",
          "size": "M",
          "price": 3381,
          "qty": 1,
          "total": 3381,
          "pic": "cloth_3.jpg",
          "id": 2
        },
        {
          "productid": 3,
          "username": "Rpandey8888",
          "name": "Shirt",
          "color": "Red",
          "size": "L",
          "price": 3360,
          "qty": 1,
          "total": 3360,
          "pic": "cloth_1.jpg",
          "id": 3
        }
      ],
      "id": 4
    },
    {
      "username": "Ritesh123",
      "paymentmode": "COD",
      "orderstatus": "Order Placed",
      "paymentstatus": "Pending",
      "totalamount": 2800,
      "shippingamount": 0,
      "finalamount": 2800,
      "date": "2023-02-19T19:43:08.814Z",
      "product": [
        {
          "productid": 1,
          "username": "Ritesh123",
          "name": "Jeans",
          "color": "Black",
          "size": "S",
          "price": 2800,
          "qty": 1,
          "total": 2800,
          "pic": "cloth_2.jpg",
          "id": 4
        }
      ],
      "id": 5
    },
    {
      "username": "Rpandey914",
      "paymentmode": "COD",
      "orderstatus": "Order Placed",
      "paymentstatus": "Pending",
      "totalamount": 10143,
      "shippingamount": 0,
      "finalamount": 10143,
      "date": "2023-02-20T06:15:12.045Z",
      "product": [
        {
          "productid": 2,
          "username": "Rpandey914",
          "name": "T-Shirt",
          "color": "Blue",
          "size": "M",
          "price": 3381,
          "qty": "3",
          "total": 10143,
          "pic": "cloth_3.jpg",
          "id": 1
        }
      ],
      "id": 6
    },
    {
      "username": "Rpandey914",
      "paymentmode": "COD",
      "orderstatus": "Order Placed",
      "paymentstatus": "Pending",
      "totalamount": 10143,
      "shippingamount": 0,
      "finalamount": 10143,
      "date": "2023-02-20T06:15:23.144Z",
      "product": [
        {
          "productid": 2,
          "username": "Rpandey914",
          "name": "T-Shirt",
          "color": "Blue",
          "size": "M",
          "price": 3381,
          "qty": "3",
          "total": 10143,
          "pic": "cloth_3.jpg",
          "id": 1
        }
      ],
      "id": 7
    },
    {
      "username": "Ritesh123",
      "paymentmode": "COD",
      "orderstatus": "Order Placed",
      "paymentstatus": "Pending",
      "totalamount": 6160,
      "shippingamount": 0,
      "finalamount": 6160,
      "date": "2023-02-20T08:35:09.781Z",
      "product": [
        {
          "productid": 1,
          "username": "Ritesh123",
          "name": "Jeans",
          "color": "Black",
          "size": "S",
          "price": 2800,
          "qty": 1,
          "total": 2800,
          "pic": "cloth_2.jpg",
          "id": 4
        },
        {
          "productid": 3,
          "username": "Ritesh123",
          "name": "Shirt",
          "color": "Red",
          "size": "L",
          "price": 3360,
          "qty": 1,
          "total": 3360,
          "pic": "cloth_1.jpg",
          "id": 5
        }
      ],
      "id": 8
    }
  ],
  "contact": [
    {
      "id": 0
    },
    {
      "fname": "Ritesh",
      "lname": "Pandey",
      "email": "riteshpandey7356@gmail.com",
      "phone": "",
      "subject": "Hi",
      "message": "I want just suggest you . you create a more attractive app",
      "id": 1
    }
  ],
  "newslatter": [
    {
      "id": 0
    },
    {
      "email": "riteshpandey7356@gmail.com",
      "msg": "add success",
      "id": 7
    },
    {
      "email": "riteshpandey7356@gmail.com",
      "msg": "add success",
      "id": 8
    }
  ],
  "product": [
    {
      "id": 1,
      "name": "Jeans",
      "maincategory": "Male",
      "subcategory": " Men",
      "brand": " Addidas",
      "stock": "in-stock",
      "color": "Black",
      "size": "S",
      "baseprice": "499",
      "finalprice": 299.4,
      "discount": "40",
      "description": "This is a sample Product",
      "pic1": "cloth_2.jpg",
      "pic2": "",
      "pic3": "",
      "pic4": ""
    },
    {
      "id": 2,
      "name": "T-Shirt",
      "maincategory": "Female",
      "subcategory": " Women",
      "brand": " Addidas",
      "stock": "in-stock",
      "color": "Blue",
      "size": "M",
      "baseprice": "5635",
      "finalprice": 3381,
      "discount": "40",
      "description": "This is a sample Product",
      "pic1": "cloth_3.jpg",
      "pic2": "",
      "pic3": "",
      "pic4": ""
    },
    {
      "id": 3,
      "name": "Shirt",
      "maincategory": "Kids",
      "subcategory": " Men",
      "brand": " Puma",
      "stock": "in-stock",
      "color": "Red",
      "size": "L",
      "baseprice": "4200",
      "finalprice": 3360,
      "discount": "20",
      "description": "This is a sample Product",
      "pic1": "cloth_1.jpg",
      "pic2": "",
      "pic3": "",
      "pic4": ""
    },
    {
      "id": 4,
      "name": "Touser",
      "maincategory": "Male",
      "subcategory": " Men",
      "brand": " Puma",
      "stock": "in-stock",
      "color": "Red",
      "size": "XL",
      "baseprice": "571",
      "finalprice": 348.31,
      "discount": "39",
      "description": "This is a sample Product",
      "pic1": "blog_1.jpg",
      "pic2": "",
      "pic3": "",
      "pic4": ""
    },
    {
      "name": "T-Shirt",
      "maincategory": "Female",
      "subcategory": " Women",
      "brand": "",
      "stock": "in-stock",
      "color": "white",
      "size": "S",
      "baseprice": "2000",
      "finalprice": 1800,
      "discount": "10",
      "description": "This is a sample Product",
      "pic1": "tshirt2.jpg",
      "pic2": "",
      "pic3": "",
      "pic4": "",
      "id": 6
    }
  ]
}